{
    "a1": -1.6452272323005206,
    "a2": 0.6452361912801747,
    "b1": -0.20145068153908102,
    "b2": 0.2094663904108261,
    "zeros": [
        "(1.039789931761487+0j)"
    ],
    "poles": [
        "(0.9999747454758064+0j)",
        "(0.6452524868247141+0j)"
    ],
    "cutoff_frequency_hz": 0.1220703125
}