{
    "a1": -1.9866861824116302,
    "a2": 0.9867618507895352,
    "b1": 0.0009726514037166067,
    "b2": -0.0005516264572648644,
    "zeros": [
        "(0.5671368541257842+0j)"
    ],
    "poles": [
        "(0.993343091205815+0.005599459189138882j)",
        "(0.993343091205815-0.005599459189138882j)"
    ],
    "cutoff_frequency_hz": 1.3427734375
}