{
    "a1": -1.9735523396289967,
    "a2": 0.9739130712118591,
    "b1": 0.03298959238515682,
    "b2": -0.0320685556484369,
    "zeros": [
        "(0.9720809906964983+0j)"
    ],
    "poles": [
        "(0.9867761698144982+0.013633117695061092j)",
        "(0.9867761698144982-0.013633117695061092j)"
    ],
    "cutoff_frequency_hz": 3.7841796875
}