{
    "a1": -1.9792678504264383,
    "a2": 0.9795918481472472,
    "b1": 0.0065813953825979155,
    "b2": -0.004708908304495274,
    "zeros": [
        "(0.7154878305816809+0j)"
    ],
    "poles": [
        "(0.9896339252132191+0.014715373400764347j)",
        "(0.9896339252132191-0.014715373400764347j)"
    ],
    "cutoff_frequency_hz": 3.2958984375
}